{
  "acc_bias": [
    0.4922122367123288,
    0.3514496893150685,
    0.5198670405479452
  ],
  "acc_scale": [
    24.684351696952486,
    134.5428105915762,
    0.4990798737874918
  ],
  "gyro_bias": [
    -0.016543828493150683,
    0.07364579726027397,
    -0.01200866496080274
  ],
  "n_samples_per_face": 300
}