{
  "acc_bias": [
    2.228962032293377,
    -0.21605675643130817,
    0.3484534849480022
  ],
  "acc_scale": [
    1.0131686314485033,
    1.0006235509045112,
    0.973595355743632
  ],
  "gyro_bias": [
    -0.004370072056503011,
    0.00013055574371012587,
    0.0018625945139677067
  ],
  "n_samples_per_face": 300
}